{
  "algorithm": "q_learning",
  "episodes": 30,
  "mean_return": 35.9365596568446,
  "duck_collision_rate": 0.0,
  "other_collision_rate": 0.0,
  "offroad_rate": 0.03333333333333333,
  "timeout_rate": 0.9666666666666667,
  "goal_rate": 0.0,
  "termination_counts": {
    "timeout": 29,
    "offroad": 1
  },
  "stop_compliance_rate": 1.0,
  "stop_opportunities": 30,
  "duck_crossing_encounters": 122,
  "duck_encounter_episode_rate": 1.0,
  "duck_crossing_exposure_steps": 822,
  "duck_yield_step_rate": 0.7287104622871047,
  "mean_abs_d": 0.030270724656760565,
  "p95_abs_d": 0.07259099065202011,
  "mean_episode_length": 242.7,
  "mean_physics_steps": 1456.2,
  "mean_forward_progress_m": 6.7811473630089045,
  "mean_moving_step_ratio": 0.9136,
  "mean_brake_ratio": 0.12189247311827958,
  "mean_tile_transitions": 11.733333333333333
}